StudyID,SurgeryStart,DurationHours,Profile,RemovalTime,RemovalHour,Removed,RemovalProbability,HoursUntilRemoval,ForceNoRemoval
001,2026-04-28 02:00:00,78,MODERATE,,,False,0.0,,False
002,2026-05-15 12:00:00,39,MILD,,,False,0.0,,False
003,2026-01-10 20:00:00,122,MODERATE,,,False,0.0,,True
004,2026-01-02 03:00:00,35,MILD,,,False,0.0,,False
005,2026-05-03 07:00:00,96,MILD,2026-05-06 15:00:00,80.0,True,0.05,80.0,False
006,2026-02-12 04:00:00,118,MILD,,,False,0.0,,False
007,2026-01-24 08:00:00,43,MILD,,,False,0.0,,False
008,2026-04-10 18:00:00,38,MILD,2026-04-11 21:00:00,27.0,True,0.05,27.0,False
009,2026-01-14 01:00:00,95,MILD,2026-01-16 05:00:00,52.0,True,0.05,52.0,False
010,2026-05-11 16:00:00,32,MILD,,,False,0.0,,False
011,2026-01-06 23:00:00,100,MILD,,,False,0.0,,False
012,2026-04-14 13:00:00,106,MILD,,,False,0.0,,False
013,2026-02-25 11:00:00,105,MILD,,,False,0.0,,False
014,2026-01-25 20:00:00,100,MILD,,,False,0.0,,False
015,2026-04-24 16:00:00,96,MILD,,,False,0.0,,False
016,2026-01-12 07:00:00,26,MILD,,,False,0.0,,False
017,2026-04-23 05:00:00,97,MODERATE,,,False,0.0,,False
018,2026-02-06 15:00:00,85,MILD,2026-02-07 19:00:00,28.0,True,0.05,28.0,False
019,2026-03-12 12:00:00,51,MILD,2026-03-13 16:00:00,28.0,True,0.05,28.0,False
020,2026-05-23 03:00:00,36,MILD,,,False,0.0,,False
021,2026-02-21 05:00:00,32,MILD,,,False,0.0,,False
022,2026-05-20 02:00:00,123,MILD,,,False,0.0,,True
023,2026-03-23 14:00:00,53,MILD,,,False,0.0,,False
024,2026-02-18 20:00:00,42,MILD,,,False,0.0,,False
025,2026-04-17 02:00:00,73,MILD,,,False,0.0,,False
026,2026-01-06 15:00:00,84,MILD,,,False,0.0,,False
027,2026-02-09 01:00:00,42,MILD,,,False,0.0,,False
028,2026-05-15 06:00:00,112,MILD,,,False,0.0,,False
029,2026-04-07 19:00:00,66,MILD,2026-04-08 08:00:00,13.0,True,0.05,13.0,False
030,2026-01-20 02:00:00,82,MILD,,,False,0.0,,False
031,2026-03-14 17:00:00,124,MILD,,,False,0.0,,True
032,2026-05-03 13:00:00,35,MILD,,,False,0.0,,False
033,2026-05-23 07:00:00,67,MILD,,,False,0.0,,False
034,2026-04-24 04:00:00,53,MILD,,,False,0.0,,False
035,2026-04-26 01:00:00,47,MILD,2026-04-27 17:00:00,40.0,True,0.05,40.0,False
036,2026-04-11 00:00:00,55,MILD,,,False,0.0,,False
037,2026-04-18 05:00:00,43,MILD,,,False,0.0,,False
038,2026-02-14 16:00:00,104,MILD,,,False,0.0,,False
039,2026-03-30 01:00:00,88,MILD,,,False,0.0,,False
040,2026-05-17 21:00:00,64,MILD,,,False,0.0,,False
041,2026-05-12 00:00:00,96,MILD,,,False,0.0,,False
042,2026-03-05 08:00:00,117,MILD,,,False,0.0,,False
043,2026-05-04 11:00:00,113,MILD,2026-05-05 22:00:00,35.0,True,0.05,35.0,False
044,2026-05-11 04:00:00,72,MILD,,,False,0.0,,False
045,2026-02-26 07:00:00,52,MODERATE,,,False,0.0,,False
046,2026-05-17 12:00:00,47,MILD,,,False,0.0,,False
047,2026-04-09 10:00:00,55,MILD,,,False,0.0,,False
048,2026-03-09 16:00:00,51,MILD,,,False,0.0,,False
049,2026-05-21 08:00:00,55,MILD,,,False,0.0,,False
050,2026-01-05 20:00:00,28,MILD,,,False,0.0,,False
051,2026-04-05 22:00:00,93,MILD,,,False,0.0,,False
052,2026-02-09 12:00:00,65,MILD,,,False,0.0,,False
053,2026-05-27 15:00:00,61,MODERATE,2026-05-28 07:00:00,16.0,True,0.05,16.0,False
054,2026-02-24 17:00:00,53,MILD,,,False,0.0,,False
055,2026-05-07 05:00:00,117,MILD,,,False,0.0,,False
056,2026-04-05 23:00:00,89,MILD,2026-04-09 02:00:00,75.0,True,0.05,75.0,False
057,2026-04-05 22:00:00,123,MILD,,,False,0.0,,True
058,2026-05-03 13:00:00,62,MILD,,,False,0.0,,False
059,2026-03-27 19:00:00,64,MILD,,,False,0.0,,False
060,2026-03-02 15:00:00,121,MILD,,,False,0.0,,True
061,2026-02-16 04:00:00,86,MILD,,,False,0.0,,False
062,2026-01-12 01:00:00,84,MILD,,,False,0.0,,False
063,2026-03-18 03:00:00,107,MILD,,,False,0.0,,False
064,2026-03-31 13:00:00,94,MILD,,,False,0.0,,False
065,2026-03-12 23:00:00,26,MILD,,,False,0.0,,False
066,2026-01-14 06:00:00,95,MILD,2026-01-17 13:00:00,79.0,True,0.05,79.0,False
067,2026-02-09 21:00:00,88,MILD,,,False,0.0,,False
068,2026-04-24 14:00:00,110,MILD,,,False,0.0,,False
069,2026-03-03 16:00:00,117,MILD,2026-03-05 14:00:00,46.0,True,0.05,46.0,False
070,2026-02-23 19:00:00,73,MILD,,,False,0.0,,False
071,2026-01-16 03:00:00,42,MILD,,,False,0.0,,False
072,2026-02-16 12:00:00,59,MILD,,,False,0.0,,False
073,2026-04-24 18:00:00,117,MILD,2026-04-28 13:00:00,91.0,True,0.05,91.0,False
074,2026-03-06 08:00:00,26,MILD,,,False,0.0,,False
075,2026-01-16 19:00:00,29,MILD,,,False,0.0,,False
076,2026-05-03 08:00:00,78,MODERATE,,,False,0.0,,False
077,2026-01-21 00:00:00,52,MILD,,,False,0.0,,False
078,2026-02-03 20:00:00,28,MILD,,,False,0.0,,False
079,2026-02-12 21:00:00,120,MODERATE,,,False,0.0,,True
080,2026-05-13 15:00:00,81,MILD,,,False,0.0,,False
081,2026-05-14 14:00:00,43,MODERATE,,,False,0.0,,False
082,2026-01-23 21:00:00,76,MILD,,,False,0.0,,False
083,2026-01-25 18:00:00,118,MILD,,,False,0.0,,False
084,2026-05-07 14:00:00,120,MILD,,,False,0.0,,True
085,2026-04-04 07:00:00,56,MILD,,,False,0.0,,False
086,2026-03-22 01:00:00,28,MILD,,,False,0.0,,False
087,2026-02-23 03:00:00,120,MILD,,,False,0.0,,True
088,2026-02-06 18:00:00,85,MILD,,,False,0.0,,False
089,2026-03-02 19:00:00,24,MILD,,,False,0.0,,False
090,2026-03-28 01:00:00,73,MILD,,,False,0.0,,False
091,2026-04-19 23:00:00,94,MILD,,,False,0.0,,False
092,2026-02-08 01:00:00,83,MILD,,,False,0.0,,False
093,2026-02-09 04:00:00,70,MILD,,,False,0.0,,False
094,2026-03-17 19:00:00,45,MILD,,,False,0.0,,False
095,2026-01-21 23:00:00,122,MILD,,,False,0.0,,True
096,2026-03-11 18:00:00,123,MILD,,,False,0.0,,True
097,2026-04-12 19:00:00,65,MILD,,,False,0.0,,False
098,2026-02-10 12:00:00,75,MILD,,,False,0.0,,False
099,2026-02-14 19:00:00,52,MILD,,,False,0.0,,False
100,2026-04-12 01:00:00,68,MILD,,,False,0.0,,False
